0.15, 0.05, uniform, exp, nocut, 52
0.05, 0.05, uniform, exp, nocut, 24
0.05, 0.05, uniform, exp, nocut, 90
0.05, 0.10, uniform, exp, nocut, 90
0.05, 0.15, uniform, exp, nocut, 90
0.05, 0.20, uniform, exp, nocut, 90
0.05, 0.25, uniform, exp, nocut, 90
0.05, 0.30, uniform, exp, nocut, 90
0.05, 0.35, uniform, exp, nocut, 90
0.05, 0.40, uniform, exp, nocut, 90
0.05, 0.45, uniform, exp, nocut, 90
0.05, 0.50, uniform, exp, nocut, 90
0.05, 0.55, uniform, exp, nocut, 90
0.05, 0.60, uniform, exp, nocut, 90
0.05, 0.65, uniform, exp, nocut, 90
0.05, 0.70, uniform, exp, nocut, 90
0.05, 0.75, uniform, exp, nocut, 90
0.05, 0.80, uniform, exp, nocut, 90
0.05, 0.85, uniform, exp, nocut, 90
0.05, 0.90, uniform, exp, nocut, 90
0.05, 0.95, uniform, exp, nocut, 90
0.05, 0.05, uniform, exp, nocut, 62
0.10, 0.30, uniform, exp, nocut, 16
0.10, 0.35, uniform, exp, nocut, 16
0.10, 0.40, uniform, exp, nocut, 16
0.10, 0.45, uniform, exp, nocut, 16
0.10, 0.50, uniform, exp, nocut, 16
0.10, 0.55, uniform, exp, nocut, 16
0.10, 0.60, uniform, exp, nocut, 16
0.10, 0.65, uniform, exp, nocut, 16
0.10, 0.70, uniform, exp, nocut, 16
0.10, 0.75, uniform, exp, nocut, 16
0.10, 0.80, uniform, exp, nocut, 16
0.10, 0.85, uniform, exp, nocut, 16
0.10, 0.90, uniform, exp, nocut, 16
0.20, 0.05, uniform, exp, nocut, 17
0.05, 0.05, uniform, exp, nocut, 79
0.20, 0.05, uniform, exp, nocut, 26
0.05, 0.05, uniform, exp, nocut, 79
0.20, 0.05, uniform, exp, nocut, 26
0.05, 0.05, uniform, exp, nocut, 14
0.05, 0.10, uniform, exp, nocut, 14
0.05, 0.15, uniform, exp, nocut, 14
0.05, 0.20, uniform, exp, nocut, 14
0.05, 0.25, uniform, exp, nocut, 14
0.05, 0.30, uniform, exp, nocut, 14
0.05, 0.35, uniform, exp, nocut, 14
0.05, 0.40, uniform, exp, nocut, 14
0.05, 0.45, uniform, exp, nocut, 14
0.05, 0.50, uniform, exp, nocut, 14
0.05, 0.55, uniform, exp, nocut, 14
0.05, 0.60, uniform, exp, nocut, 14
0.05, 0.65, uniform, exp, nocut, 14
0.05, 0.70, uniform, exp, nocut, 14
0.05, 0.75, uniform, exp, nocut, 14
0.05, 0.80, uniform, exp, nocut, 14
0.05, 0.85, uniform, exp, nocut, 14
0.05, 0.90, uniform, exp, nocut, 14
0.05, 0.95, uniform, exp, nocut, 14
0.50, 0.05, uniform, exp, nocut, 169
0.60, 0.05, uniform, exp, nocut, 111
0.15, 0.05, max, exp, nocut, 52
0.05, 0.05, max, exp, nocut, 24
0.05, 0.10, max, exp, nocut, 24
0.05, 0.15, max, exp, nocut, 24
0.05, 0.20, max, exp, nocut, 24
0.05, 0.25, max, exp, nocut, 24
0.05, 0.30, max, exp, nocut, 24
0.05, 0.35, max, exp, nocut, 24
0.05, 0.40, max, exp, nocut, 24
0.05, 0.45, max, exp, nocut, 24
0.05, 0.50, max, exp, nocut, 24
0.05, 0.55, max, exp, nocut, 24
0.05, 0.60, max, exp, nocut, 24
0.05, 0.65, max, exp, nocut, 24
0.05, 0.70, max, exp, nocut, 24
0.05, 0.75, max, exp, nocut, 24
0.05, 0.80, max, exp, nocut, 24
0.05, 0.85, max, exp, nocut, 24
0.05, 0.05, max, exp, nocut, 90
0.05, 0.10, max, exp, nocut, 90
0.05, 0.15, max, exp, nocut, 90
0.05, 0.20, max, exp, nocut, 90
0.05, 0.25, max, exp, nocut, 90
0.05, 0.30, max, exp, nocut, 90
0.05, 0.35, max, exp, nocut, 90
0.05, 0.40, max, exp, nocut, 90
0.05, 0.45, max, exp, nocut, 90
0.05, 0.50, max, exp, nocut, 90
0.05, 0.55, max, exp, nocut, 90
0.05, 0.60, max, exp, nocut, 90
0.05, 0.65, max, exp, nocut, 90
0.05, 0.70, max, exp, nocut, 90
0.05, 0.75, max, exp, nocut, 90
0.05, 0.80, max, exp, nocut, 90
0.05, 0.85, max, exp, nocut, 90
0.05, 0.90, max, exp, nocut, 90
0.05, 0.95, max, exp, nocut, 90
0.15, 0.30, max, exp, nocut, 62
0.15, 0.35, max, exp, nocut, 62
0.15, 0.40, max, exp, nocut, 62
0.15, 0.45, max, exp, nocut, 62
0.15, 0.50, max, exp, nocut, 62
0.15, 0.55, max, exp, nocut, 62
0.15, 0.60, max, exp, nocut, 62
0.15, 0.65, max, exp, nocut, 62
0.15, 0.70, max, exp, nocut, 62
0.15, 0.75, max, exp, nocut, 62
0.15, 0.80, max, exp, nocut, 62
0.15, 0.85, max, exp, nocut, 62
0.15, 0.90, max, exp, nocut, 62
0.15, 0.95, max, exp, nocut, 62
0.05, 0.05, max, exp, nocut, 16
0.05, 0.10, max, exp, nocut, 16
0.05, 0.15, max, exp, nocut, 16
0.05, 0.20, max, exp, nocut, 16
0.05, 0.25, max, exp, nocut, 16
0.05, 0.30, max, exp, nocut, 16
0.05, 0.35, max, exp, nocut, 16
0.05, 0.40, max, exp, nocut, 16
0.05, 0.45, max, exp, nocut, 16
0.05, 0.50, max, exp, nocut, 16
0.05, 0.55, max, exp, nocut, 16
0.05, 0.60, max, exp, nocut, 16
0.05, 0.65, max, exp, nocut, 16
0.05, 0.70, max, exp, nocut, 16
0.05, 0.75, max, exp, nocut, 16
0.05, 0.80, max, exp, nocut, 16
0.05, 0.85, max, exp, nocut, 16
0.05, 0.90, max, exp, nocut, 16
0.05, 0.95, max, exp, nocut, 16
0.20, 0.10, max, exp, nocut, 17
0.20, 0.15, max, exp, nocut, 17
0.20, 0.20, max, exp, nocut, 17
0.20, 0.25, max, exp, nocut, 17
0.20, 0.30, max, exp, nocut, 17
0.20, 0.35, max, exp, nocut, 17
0.20, 0.40, max, exp, nocut, 17
0.20, 0.45, max, exp, nocut, 17
0.20, 0.50, max, exp, nocut, 17
0.20, 0.55, max, exp, nocut, 17
0.20, 0.60, max, exp, nocut, 17
0.20, 0.65, max, exp, nocut, 17
0.20, 0.70, max, exp, nocut, 17
0.20, 0.75, max, exp, nocut, 17
0.20, 0.80, max, exp, nocut, 17
0.20, 0.85, max, exp, nocut, 17
0.20, 0.90, max, exp, nocut, 17
0.20, 0.95, max, exp, nocut, 17
0.05, 0.05, max, exp, nocut, 79
0.15, 0.05, max, exp, nocut, 26
0.15, 0.10, max, exp, nocut, 26
0.15, 0.15, max, exp, nocut, 26
0.15, 0.20, max, exp, nocut, 26
0.05, 0.05, max, exp, nocut, 79
0.15, 0.05, max, exp, nocut, 26
0.15, 0.10, max, exp, nocut, 26
0.15, 0.15, max, exp, nocut, 26
0.15, 0.20, max, exp, nocut, 26
0.05, 0.05, max, exp, nocut, 14
0.05, 0.10, max, exp, nocut, 14
0.05, 0.15, max, exp, nocut, 14
0.05, 0.20, max, exp, nocut, 14
0.05, 0.25, max, exp, nocut, 14
0.05, 0.30, max, exp, nocut, 14
0.05, 0.35, max, exp, nocut, 14
0.05, 0.40, max, exp, nocut, 14
0.05, 0.45, max, exp, nocut, 14
0.05, 0.50, max, exp, nocut, 14
0.05, 0.55, max, exp, nocut, 14
0.05, 0.60, max, exp, nocut, 14
0.05, 0.65, max, exp, nocut, 14
0.05, 0.70, max, exp, nocut, 14
0.05, 0.75, max, exp, nocut, 14
0.05, 0.80, max, exp, nocut, 14
0.05, 0.85, max, exp, nocut, 14
0.05, 0.90, max, exp, nocut, 14
0.05, 0.95, max, exp, nocut, 14
0.45, 0.05, max, exp, nocut, 169
0.45, 0.10, max, exp, nocut, 169
0.40, 0.05, max, exp, nocut, 111
0.15, 0.05, rank, exp, nocut, 52
0.05, 0.05, rank, exp, nocut, 24
0.05, 0.10, rank, exp, nocut, 24
0.05, 0.15, rank, exp, nocut, 24
0.05, 0.20, rank, exp, nocut, 24
0.05, 0.25, rank, exp, nocut, 24
0.05, 0.30, rank, exp, nocut, 24
0.05, 0.35, rank, exp, nocut, 24
0.05, 0.40, rank, exp, nocut, 24
0.05, 0.45, rank, exp, nocut, 24
0.05, 0.50, rank, exp, nocut, 24
0.05, 0.55, rank, exp, nocut, 24
0.05, 0.60, rank, exp, nocut, 24
0.05, 0.65, rank, exp, nocut, 24
0.05, 0.70, rank, exp, nocut, 24
0.05, 0.75, rank, exp, nocut, 24
0.05, 0.80, rank, exp, nocut, 24
0.05, 0.85, rank, exp, nocut, 24
0.05, 0.05, rank, exp, nocut, 90
0.05, 0.10, rank, exp, nocut, 90
0.05, 0.15, rank, exp, nocut, 90
0.05, 0.20, rank, exp, nocut, 90
0.05, 0.25, rank, exp, nocut, 90
0.05, 0.30, rank, exp, nocut, 90
0.05, 0.35, rank, exp, nocut, 90
0.05, 0.40, rank, exp, nocut, 90
0.05, 0.45, rank, exp, nocut, 90
0.05, 0.50, rank, exp, nocut, 90
0.05, 0.55, rank, exp, nocut, 90
0.05, 0.60, rank, exp, nocut, 90
0.05, 0.65, rank, exp, nocut, 90
0.05, 0.70, rank, exp, nocut, 90
0.05, 0.75, rank, exp, nocut, 90
0.05, 0.80, rank, exp, nocut, 90
0.05, 0.85, rank, exp, nocut, 90
0.05, 0.90, rank, exp, nocut, 90
0.05, 0.95, rank, exp, nocut, 90
0.20, 0.30, rank, exp, nocut, 62
0.20, 0.35, rank, exp, nocut, 62
0.20, 0.40, rank, exp, nocut, 62
0.20, 0.45, rank, exp, nocut, 62
0.20, 0.50, rank, exp, nocut, 62
0.20, 0.55, rank, exp, nocut, 62
0.20, 0.60, rank, exp, nocut, 62
0.20, 0.65, rank, exp, nocut, 62
0.20, 0.70, rank, exp, nocut, 62
0.20, 0.75, rank, exp, nocut, 62
0.20, 0.80, rank, exp, nocut, 62
0.20, 0.85, rank, exp, nocut, 62
0.20, 0.90, rank, exp, nocut, 62
0.20, 0.95, rank, exp, nocut, 62
0.05, 0.05, rank, exp, nocut, 16
0.05, 0.10, rank, exp, nocut, 16
0.05, 0.15, rank, exp, nocut, 16
0.05, 0.20, rank, exp, nocut, 16
0.05, 0.25, rank, exp, nocut, 16
0.05, 0.30, rank, exp, nocut, 16
0.05, 0.35, rank, exp, nocut, 16
0.05, 0.40, rank, exp, nocut, 16
0.05, 0.45, rank, exp, nocut, 16
0.05, 0.50, rank, exp, nocut, 16
0.05, 0.55, rank, exp, nocut, 16
0.05, 0.60, rank, exp, nocut, 16
0.05, 0.65, rank, exp, nocut, 16
0.05, 0.70, rank, exp, nocut, 16
0.05, 0.75, rank, exp, nocut, 16
0.05, 0.80, rank, exp, nocut, 16
0.05, 0.85, rank, exp, nocut, 16
0.05, 0.90, rank, exp, nocut, 16
0.05, 0.95, rank, exp, nocut, 16
0.20, 0.10, rank, exp, nocut, 17
0.20, 0.15, rank, exp, nocut, 17
0.20, 0.20, rank, exp, nocut, 17
0.20, 0.25, rank, exp, nocut, 17
0.20, 0.30, rank, exp, nocut, 17
0.20, 0.35, rank, exp, nocut, 17
0.20, 0.40, rank, exp, nocut, 17
0.20, 0.45, rank, exp, nocut, 17
0.20, 0.50, rank, exp, nocut, 17
0.20, 0.55, rank, exp, nocut, 17
0.20, 0.60, rank, exp, nocut, 17
0.20, 0.65, rank, exp, nocut, 17
0.20, 0.70, rank, exp, nocut, 17
0.20, 0.75, rank, exp, nocut, 17
0.20, 0.80, rank, exp, nocut, 17
0.20, 0.85, rank, exp, nocut, 17
0.20, 0.90, rank, exp, nocut, 17
0.20, 0.95, rank, exp, nocut, 17
0.05, 0.05, rank, exp, nocut, 79
0.15, 0.05, rank, exp, nocut, 26
0.15, 0.10, rank, exp, nocut, 26
0.15, 0.15, rank, exp, nocut, 26
0.15, 0.20, rank, exp, nocut, 26
0.05, 0.05, rank, exp, nocut, 79
0.15, 0.05, rank, exp, nocut, 26
0.15, 0.10, rank, exp, nocut, 26
0.15, 0.15, rank, exp, nocut, 26
0.15, 0.20, rank, exp, nocut, 26
0.05, 0.05, rank, exp, nocut, 14
0.05, 0.10, rank, exp, nocut, 14
0.05, 0.15, rank, exp, nocut, 14
0.05, 0.20, rank, exp, nocut, 14
0.05, 0.25, rank, exp, nocut, 14
0.05, 0.30, rank, exp, nocut, 14
0.05, 0.35, rank, exp, nocut, 14
0.05, 0.40, rank, exp, nocut, 14
0.05, 0.45, rank, exp, nocut, 14
0.05, 0.50, rank, exp, nocut, 14
0.05, 0.55, rank, exp, nocut, 14
0.05, 0.60, rank, exp, nocut, 14
0.05, 0.65, rank, exp, nocut, 14
0.05, 0.70, rank, exp, nocut, 14
0.05, 0.75, rank, exp, nocut, 14
0.05, 0.80, rank, exp, nocut, 14
0.05, 0.85, rank, exp, nocut, 14
0.05, 0.90, rank, exp, nocut, 14
0.05, 0.95, rank, exp, nocut, 14
0.45, 0.05, rank, exp, nocut, 169
0.45, 0.10, rank, exp, nocut, 169
0.40, 0.05, rank, exp, nocut, 111
0.16, 0.02, max, exp, nocut_zoom, 52
0.16, 0.03, max, exp, nocut_zoom, 52
0.16, 0.04, max, exp, nocut_zoom, 52
0.16, 0.05, max, exp, nocut_zoom, 52
0.16, 0.06, max, exp, nocut_zoom, 52
0.16, 0.07, max, exp, nocut_zoom, 52
0.10, 0.01, max, exp, nocut_zoom, 24
0.10, 0.02, max, exp, nocut_zoom, 24
0.10, 0.01, max, exp, nocut_zoom, 90
0.10, 0.02, max, exp, nocut_zoom, 90
0.10, 0.03, max, exp, nocut_zoom, 90
0.10, 0.04, max, exp, nocut_zoom, 90
0.10, 0.05, max, exp, nocut_zoom, 90
0.10, 0.06, max, exp, nocut_zoom, 90
0.10, 0.07, max, exp, nocut_zoom, 90
0.10, 0.08, max, exp, nocut_zoom, 90
0.10, 0.09, max, exp, nocut_zoom, 90
0.10, 0.10, max, exp, nocut_zoom, 90
0.10, 0.11, max, exp, nocut_zoom, 90
0.10, 0.12, max, exp, nocut_zoom, 90
0.10, 0.13, max, exp, nocut_zoom, 90
0.10, 0.14, max, exp, nocut_zoom, 90
0.10, 0.15, max, exp, nocut_zoom, 90
0.10, 0.16, max, exp, nocut_zoom, 90
0.10, 0.17, max, exp, nocut_zoom, 90
0.10, 0.18, max, exp, nocut_zoom, 90
0.10, 0.19, max, exp, nocut_zoom, 90
0.10, 0.20, max, exp, nocut_zoom, 90
0.10, 0.21, max, exp, nocut_zoom, 90
0.10, 0.22, max, exp, nocut_zoom, 90
0.10, 0.23, max, exp, nocut_zoom, 90
0.10, 0.24, max, exp, nocut_zoom, 90
0.10, 0.25, max, exp, nocut_zoom, 90
0.10, 0.26, max, exp, nocut_zoom, 90
0.10, 0.27, max, exp, nocut_zoom, 90
0.10, 0.28, max, exp, nocut_zoom, 90
0.10, 0.29, max, exp, nocut_zoom, 90
0.10, 0.30, max, exp, nocut_zoom, 90
0.15, 0.29, max, exp, nocut_zoom, 62
0.15, 0.30, max, exp, nocut_zoom, 62
0.10, 0.01, max, exp, nocut_zoom, 16
0.10, 0.02, max, exp, nocut_zoom, 16
0.10, 0.03, max, exp, nocut_zoom, 16
0.10, 0.04, max, exp, nocut_zoom, 16
0.10, 0.05, max, exp, nocut_zoom, 16
0.10, 0.06, max, exp, nocut_zoom, 16
0.10, 0.07, max, exp, nocut_zoom, 16
0.10, 0.08, max, exp, nocut_zoom, 16
0.10, 0.09, max, exp, nocut_zoom, 16
0.10, 0.10, max, exp, nocut_zoom, 16
0.10, 0.11, max, exp, nocut_zoom, 16
0.10, 0.12, max, exp, nocut_zoom, 16
0.10, 0.13, max, exp, nocut_zoom, 16
0.10, 0.14, max, exp, nocut_zoom, 16
0.10, 0.15, max, exp, nocut_zoom, 16
0.10, 0.16, max, exp, nocut_zoom, 16
0.10, 0.17, max, exp, nocut_zoom, 16
0.10, 0.18, max, exp, nocut_zoom, 16
0.10, 0.19, max, exp, nocut_zoom, 16
0.10, 0.20, max, exp, nocut_zoom, 16
0.10, 0.21, max, exp, nocut_zoom, 16
0.10, 0.22, max, exp, nocut_zoom, 16
0.10, 0.23, max, exp, nocut_zoom, 16
0.10, 0.24, max, exp, nocut_zoom, 16
0.10, 0.25, max, exp, nocut_zoom, 16
0.10, 0.26, max, exp, nocut_zoom, 16
0.10, 0.27, max, exp, nocut_zoom, 16
0.10, 0.28, max, exp, nocut_zoom, 16
0.10, 0.29, max, exp, nocut_zoom, 16
0.10, 0.30, max, exp, nocut_zoom, 16
0.20, 0.01, max, exp, nocut_zoom, 17
0.20, 0.02, max, exp, nocut_zoom, 17
0.20, 0.06, max, exp, nocut_zoom, 17
0.20, 0.07, max, exp, nocut_zoom, 17
0.20, 0.08, max, exp, nocut_zoom, 17
0.20, 0.09, max, exp, nocut_zoom, 17
0.20, 0.10, max, exp, nocut_zoom, 17
0.20, 0.11, max, exp, nocut_zoom, 17
0.20, 0.12, max, exp, nocut_zoom, 17
0.20, 0.13, max, exp, nocut_zoom, 17
0.20, 0.14, max, exp, nocut_zoom, 17
0.20, 0.15, max, exp, nocut_zoom, 17
0.20, 0.16, max, exp, nocut_zoom, 17
0.20, 0.17, max, exp, nocut_zoom, 17
0.20, 0.18, max, exp, nocut_zoom, 17
0.20, 0.19, max, exp, nocut_zoom, 17
0.20, 0.20, max, exp, nocut_zoom, 17
0.20, 0.21, max, exp, nocut_zoom, 17
0.20, 0.22, max, exp, nocut_zoom, 17
0.20, 0.23, max, exp, nocut_zoom, 17
0.20, 0.24, max, exp, nocut_zoom, 17
0.20, 0.25, max, exp, nocut_zoom, 17
0.20, 0.26, max, exp, nocut_zoom, 17
0.20, 0.27, max, exp, nocut_zoom, 17
0.20, 0.28, max, exp, nocut_zoom, 17
0.20, 0.29, max, exp, nocut_zoom, 17
0.20, 0.30, max, exp, nocut_zoom, 17
0.10, 0.01, max, exp, nocut_zoom, 79
0.10, 0.02, max, exp, nocut_zoom, 79
0.10, 0.03, max, exp, nocut_zoom, 79
0.13, 0.01, max, exp, nocut_zoom, 26
0.13, 0.02, max, exp, nocut_zoom, 26
0.13, 0.03, max, exp, nocut_zoom, 26
0.13, 0.04, max, exp, nocut_zoom, 26
0.13, 0.05, max, exp, nocut_zoom, 26
0.13, 0.06, max, exp, nocut_zoom, 26
0.13, 0.07, max, exp, nocut_zoom, 26
0.13, 0.08, max, exp, nocut_zoom, 26
0.13, 0.09, max, exp, nocut_zoom, 26
0.13, 0.10, max, exp, nocut_zoom, 26
0.13, 0.11, max, exp, nocut_zoom, 26
0.13, 0.12, max, exp, nocut_zoom, 26
0.13, 0.13, max, exp, nocut_zoom, 26
0.13, 0.14, max, exp, nocut_zoom, 26
0.13, 0.15, max, exp, nocut_zoom, 26
0.13, 0.16, max, exp, nocut_zoom, 26
0.13, 0.17, max, exp, nocut_zoom, 26
0.13, 0.18, max, exp, nocut_zoom, 26
0.13, 0.19, max, exp, nocut_zoom, 26
0.13, 0.20, max, exp, nocut_zoom, 26
0.13, 0.21, max, exp, nocut_zoom, 26
0.10, 0.01, max, exp, nocut_zoom, 79
0.10, 0.02, max, exp, nocut_zoom, 79
0.10, 0.03, max, exp, nocut_zoom, 79
0.13, 0.01, max, exp, nocut_zoom, 26
0.13, 0.02, max, exp, nocut_zoom, 26
0.13, 0.03, max, exp, nocut_zoom, 26
0.13, 0.04, max, exp, nocut_zoom, 26
0.13, 0.05, max, exp, nocut_zoom, 26
0.13, 0.06, max, exp, nocut_zoom, 26
0.13, 0.07, max, exp, nocut_zoom, 26
0.13, 0.08, max, exp, nocut_zoom, 26
0.13, 0.09, max, exp, nocut_zoom, 26
0.13, 0.10, max, exp, nocut_zoom, 26
0.13, 0.11, max, exp, nocut_zoom, 26
0.13, 0.12, max, exp, nocut_zoom, 26
0.13, 0.13, max, exp, nocut_zoom, 26
0.13, 0.14, max, exp, nocut_zoom, 26
0.13, 0.15, max, exp, nocut_zoom, 26
0.13, 0.16, max, exp, nocut_zoom, 26
0.13, 0.17, max, exp, nocut_zoom, 26
0.13, 0.18, max, exp, nocut_zoom, 26
0.13, 0.19, max, exp, nocut_zoom, 26
0.13, 0.20, max, exp, nocut_zoom, 26
0.13, 0.21, max, exp, nocut_zoom, 26
0.10, 0.01, max, exp, nocut_zoom, 14
0.10, 0.02, max, exp, nocut_zoom, 14
0.10, 0.03, max, exp, nocut_zoom, 14
0.10, 0.04, max, exp, nocut_zoom, 14
0.10, 0.05, max, exp, nocut_zoom, 14
0.10, 0.06, max, exp, nocut_zoom, 14
0.10, 0.07, max, exp, nocut_zoom, 14
0.10, 0.08, max, exp, nocut_zoom, 14
0.10, 0.09, max, exp, nocut_zoom, 14
0.10, 0.10, max, exp, nocut_zoom, 14
0.10, 0.11, max, exp, nocut_zoom, 14
0.10, 0.12, max, exp, nocut_zoom, 14
0.10, 0.13, max, exp, nocut_zoom, 14
0.10, 0.14, max, exp, nocut_zoom, 14
0.10, 0.15, max, exp, nocut_zoom, 14
0.10, 0.16, max, exp, nocut_zoom, 14
0.10, 0.17, max, exp, nocut_zoom, 14
0.10, 0.18, max, exp, nocut_zoom, 14
0.10, 0.19, max, exp, nocut_zoom, 14
0.10, 0.20, max, exp, nocut_zoom, 14
0.10, 0.21, max, exp, nocut_zoom, 14
0.10, 0.22, max, exp, nocut_zoom, 14
0.10, 0.23, max, exp, nocut_zoom, 14
0.10, 0.24, max, exp, nocut_zoom, 14
0.10, 0.25, max, exp, nocut_zoom, 14
0.10, 0.26, max, exp, nocut_zoom, 14
0.10, 0.27, max, exp, nocut_zoom, 14
0.10, 0.28, max, exp, nocut_zoom, 14
0.10, 0.29, max, exp, nocut_zoom, 14
0.10, 0.30, max, exp, nocut_zoom, 14
0.39, 0.01, max, exp, nocut_zoom, 169
0.35, 0.04, max, exp, nocut_zoom, 111
0.16, 0.02, rank, exp, nocut_zoom, 52
0.16, 0.03, rank, exp, nocut_zoom, 52
0.16, 0.04, rank, exp, nocut_zoom, 52
0.16, 0.05, rank, exp, nocut_zoom, 52
0.16, 0.06, rank, exp, nocut_zoom, 52
0.16, 0.07, rank, exp, nocut_zoom, 52
0.10, 0.01, rank, exp, nocut_zoom, 24
0.10, 0.02, rank, exp, nocut_zoom, 24
0.10, 0.01, rank, exp, nocut_zoom, 90
0.10, 0.02, rank, exp, nocut_zoom, 90
0.10, 0.03, rank, exp, nocut_zoom, 90
0.10, 0.04, rank, exp, nocut_zoom, 90
0.10, 0.05, rank, exp, nocut_zoom, 90
0.10, 0.06, rank, exp, nocut_zoom, 90
0.10, 0.07, rank, exp, nocut_zoom, 90
0.10, 0.08, rank, exp, nocut_zoom, 90
0.10, 0.09, rank, exp, nocut_zoom, 90
0.10, 0.10, rank, exp, nocut_zoom, 90
0.10, 0.11, rank, exp, nocut_zoom, 90
0.10, 0.12, rank, exp, nocut_zoom, 90
0.10, 0.13, rank, exp, nocut_zoom, 90
0.10, 0.14, rank, exp, nocut_zoom, 90
0.10, 0.15, rank, exp, nocut_zoom, 90
0.10, 0.16, rank, exp, nocut_zoom, 90
0.10, 0.17, rank, exp, nocut_zoom, 90
0.10, 0.18, rank, exp, nocut_zoom, 90
0.10, 0.19, rank, exp, nocut_zoom, 90
0.10, 0.20, rank, exp, nocut_zoom, 90
0.10, 0.21, rank, exp, nocut_zoom, 90
0.10, 0.22, rank, exp, nocut_zoom, 90
0.10, 0.23, rank, exp, nocut_zoom, 90
0.10, 0.24, rank, exp, nocut_zoom, 90
0.10, 0.25, rank, exp, nocut_zoom, 90
0.10, 0.26, rank, exp, nocut_zoom, 90
0.10, 0.27, rank, exp, nocut_zoom, 90
0.10, 0.28, rank, exp, nocut_zoom, 90
0.10, 0.29, rank, exp, nocut_zoom, 90
0.10, 0.30, rank, exp, nocut_zoom, 90
0.21, 0.29, rank, exp, nocut_zoom, 62
0.21, 0.30, rank, exp, nocut_zoom, 62
0.10, 0.01, rank, exp, nocut_zoom, 16
0.10, 0.02, rank, exp, nocut_zoom, 16
0.10, 0.03, rank, exp, nocut_zoom, 16
0.10, 0.04, rank, exp, nocut_zoom, 16
0.10, 0.05, rank, exp, nocut_zoom, 16
0.10, 0.06, rank, exp, nocut_zoom, 16
0.10, 0.07, rank, exp, nocut_zoom, 16
0.10, 0.08, rank, exp, nocut_zoom, 16
0.10, 0.09, rank, exp, nocut_zoom, 16
0.10, 0.10, rank, exp, nocut_zoom, 16
0.10, 0.11, rank, exp, nocut_zoom, 16
0.10, 0.12, rank, exp, nocut_zoom, 16
0.10, 0.13, rank, exp, nocut_zoom, 16
0.10, 0.14, rank, exp, nocut_zoom, 16
0.10, 0.15, rank, exp, nocut_zoom, 16
0.10, 0.16, rank, exp, nocut_zoom, 16
0.10, 0.17, rank, exp, nocut_zoom, 16
0.10, 0.18, rank, exp, nocut_zoom, 16
0.10, 0.19, rank, exp, nocut_zoom, 16
0.10, 0.20, rank, exp, nocut_zoom, 16
0.10, 0.21, rank, exp, nocut_zoom, 16
0.10, 0.22, rank, exp, nocut_zoom, 16
0.10, 0.23, rank, exp, nocut_zoom, 16
0.10, 0.24, rank, exp, nocut_zoom, 16
0.10, 0.25, rank, exp, nocut_zoom, 16
0.10, 0.26, rank, exp, nocut_zoom, 16
0.10, 0.27, rank, exp, nocut_zoom, 16
0.10, 0.28, rank, exp, nocut_zoom, 16
0.10, 0.29, rank, exp, nocut_zoom, 16
0.10, 0.30, rank, exp, nocut_zoom, 16
0.20, 0.01, rank, exp, nocut_zoom, 17
0.20, 0.02, rank, exp, nocut_zoom, 17
0.20, 0.06, rank, exp, nocut_zoom, 17
0.20, 0.07, rank, exp, nocut_zoom, 17
0.20, 0.08, rank, exp, nocut_zoom, 17
0.20, 0.09, rank, exp, nocut_zoom, 17
0.20, 0.10, rank, exp, nocut_zoom, 17
0.20, 0.11, rank, exp, nocut_zoom, 17
0.20, 0.12, rank, exp, nocut_zoom, 17
0.20, 0.13, rank, exp, nocut_zoom, 17
0.20, 0.14, rank, exp, nocut_zoom, 17
0.20, 0.15, rank, exp, nocut_zoom, 17
0.20, 0.16, rank, exp, nocut_zoom, 17
0.20, 0.17, rank, exp, nocut_zoom, 17
0.20, 0.18, rank, exp, nocut_zoom, 17
0.20, 0.19, rank, exp, nocut_zoom, 17
0.20, 0.20, rank, exp, nocut_zoom, 17
0.20, 0.21, rank, exp, nocut_zoom, 17
0.20, 0.22, rank, exp, nocut_zoom, 17
0.20, 0.23, rank, exp, nocut_zoom, 17
0.20, 0.24, rank, exp, nocut_zoom, 17
0.20, 0.25, rank, exp, nocut_zoom, 17
0.20, 0.26, rank, exp, nocut_zoom, 17
0.20, 0.27, rank, exp, nocut_zoom, 17
0.20, 0.28, rank, exp, nocut_zoom, 17
0.20, 0.29, rank, exp, nocut_zoom, 17
0.20, 0.30, rank, exp, nocut_zoom, 17
0.10, 0.01, rank, exp, nocut_zoom, 79
0.10, 0.02, rank, exp, nocut_zoom, 79
0.10, 0.03, rank, exp, nocut_zoom, 79
0.13, 0.01, rank, exp, nocut_zoom, 26
0.13, 0.02, rank, exp, nocut_zoom, 26
0.13, 0.03, rank, exp, nocut_zoom, 26
0.13, 0.04, rank, exp, nocut_zoom, 26
0.13, 0.05, rank, exp, nocut_zoom, 26
0.13, 0.06, rank, exp, nocut_zoom, 26
0.13, 0.07, rank, exp, nocut_zoom, 26
0.13, 0.08, rank, exp, nocut_zoom, 26
0.13, 0.09, rank, exp, nocut_zoom, 26
0.13, 0.10, rank, exp, nocut_zoom, 26
0.13, 0.11, rank, exp, nocut_zoom, 26
0.13, 0.12, rank, exp, nocut_zoom, 26
0.13, 0.13, rank, exp, nocut_zoom, 26
0.13, 0.14, rank, exp, nocut_zoom, 26
0.13, 0.15, rank, exp, nocut_zoom, 26
0.13, 0.16, rank, exp, nocut_zoom, 26
0.13, 0.17, rank, exp, nocut_zoom, 26
0.13, 0.18, rank, exp, nocut_zoom, 26
0.13, 0.19, rank, exp, nocut_zoom, 26
0.13, 0.20, rank, exp, nocut_zoom, 26
0.13, 0.21, rank, exp, nocut_zoom, 26
0.10, 0.01, rank, exp, nocut_zoom, 79
0.10, 0.02, rank, exp, nocut_zoom, 79
0.10, 0.03, rank, exp, nocut_zoom, 79
0.13, 0.01, rank, exp, nocut_zoom, 26
0.13, 0.02, rank, exp, nocut_zoom, 26
0.13, 0.03, rank, exp, nocut_zoom, 26
0.13, 0.04, rank, exp, nocut_zoom, 26
0.13, 0.05, rank, exp, nocut_zoom, 26
0.13, 0.06, rank, exp, nocut_zoom, 26
0.13, 0.07, rank, exp, nocut_zoom, 26
0.13, 0.08, rank, exp, nocut_zoom, 26
0.13, 0.09, rank, exp, nocut_zoom, 26
0.13, 0.10, rank, exp, nocut_zoom, 26
0.13, 0.11, rank, exp, nocut_zoom, 26
0.13, 0.12, rank, exp, nocut_zoom, 26
0.13, 0.13, rank, exp, nocut_zoom, 26
0.13, 0.14, rank, exp, nocut_zoom, 26
0.13, 0.15, rank, exp, nocut_zoom, 26
0.13, 0.16, rank, exp, nocut_zoom, 26
0.13, 0.17, rank, exp, nocut_zoom, 26
0.13, 0.18, rank, exp, nocut_zoom, 26
0.13, 0.19, rank, exp, nocut_zoom, 26
0.13, 0.20, rank, exp, nocut_zoom, 26
0.13, 0.21, rank, exp, nocut_zoom, 26
0.10, 0.01, rank, exp, nocut_zoom, 14
0.10, 0.02, rank, exp, nocut_zoom, 14
0.10, 0.03, rank, exp, nocut_zoom, 14
0.10, 0.04, rank, exp, nocut_zoom, 14
0.10, 0.05, rank, exp, nocut_zoom, 14
0.10, 0.06, rank, exp, nocut_zoom, 14
0.10, 0.07, rank, exp, nocut_zoom, 14
0.10, 0.08, rank, exp, nocut_zoom, 14
0.10, 0.09, rank, exp, nocut_zoom, 14
0.10, 0.10, rank, exp, nocut_zoom, 14
0.10, 0.11, rank, exp, nocut_zoom, 14
0.10, 0.12, rank, exp, nocut_zoom, 14
0.10, 0.13, rank, exp, nocut_zoom, 14
0.10, 0.14, rank, exp, nocut_zoom, 14
0.10, 0.15, rank, exp, nocut_zoom, 14
0.10, 0.16, rank, exp, nocut_zoom, 14
0.10, 0.17, rank, exp, nocut_zoom, 14
0.10, 0.18, rank, exp, nocut_zoom, 14
0.10, 0.19, rank, exp, nocut_zoom, 14
0.10, 0.20, rank, exp, nocut_zoom, 14
0.10, 0.21, rank, exp, nocut_zoom, 14
0.10, 0.22, rank, exp, nocut_zoom, 14
0.10, 0.23, rank, exp, nocut_zoom, 14
0.10, 0.24, rank, exp, nocut_zoom, 14
0.10, 0.25, rank, exp, nocut_zoom, 14
0.10, 0.26, rank, exp, nocut_zoom, 14
0.10, 0.27, rank, exp, nocut_zoom, 14
0.10, 0.28, rank, exp, nocut_zoom, 14
0.10, 0.29, rank, exp, nocut_zoom, 14
0.10, 0.30, rank, exp, nocut_zoom, 14
0.39, 0.01, rank, exp, nocut_zoom, 169
0.35, 0.04, rank, exp, nocut_zoom, 111
